Project Name,Project Slug,Repo URL,Area,Epic,Task ID,Task Name,Description,User Value,Current State,Gap / Risk,Priority,MVP Required,Effort,Dependencies,Suggested Codex Prompt,Definition of Done,Acceptance Tests,Files Likely Affected,Status,Owner,Target Milestone,Notes,Source,Last Updated
"PayCheck","payslip-peeks-and-probes","https://github.com/rory-hayes/payslip-peeks-and-probes","Security","Secrets hygiene","P0-001","Remove tracked env files and rotate credentials","Stop tracking local .env files, preserve .env.example, document rotation, and rotate any values that were committed.","Prevents credential leakage and sets safe contributor practice.",".env, .env.development, and .env.production are tracked. .gitignore now blocks future env files.","Existing git history may contain usable values.","P0","Yes","M","Human credential owner","Remove tracked env files safely, keep local files ignored, update security docs, and list every credential that must be rotated without printing values.","Env files are no longer tracked, .env.example covers required names, and rotation checklist is documented.","git ls-files .env .env.development .env.production returns nothing; app still runs with local env values.",".gitignore, .env.example, docs/SECURITY.md","Ready","Unassigned","MVP","Do in a dedicated security PR to avoid casually exposing deleted values in diffs.","Code Audit","2026-05-06"
"PayCheck","payslip-peeks-and-probes","https://github.com/rory-hayes/payslip-peeks-and-probes","Quality","CI gate","P0-002","Fix lint failures","Resolve current ESLint errors in app code, shadcn templates, Tailwind config, and Supabase functions or adjust config intentionally.","Enables reliable automated checks before production changes.","npm run lint fails with 25 errors and 9 warnings.","Bugs and style drift can enter unnoticed.","P0","Yes","M","None","Run npm run lint, fix each existing lint error with minimal code changes, avoid broad rewrites, and update ROADMAP.md with remaining warnings if any.","npm run lint exits 0 or documented warnings are intentionally allowed.","Run npm run lint, npx tsc --noEmit, npm test, and npm run build.","src/components/*, src/hooks/use-payslip-data.ts, src/lib/date-utils.ts, src/pages/*, supabase/functions/*, tailwind.config.ts, eslint.config.js","Ready","Unassigned","MVP","Some warnings come from shadcn export patterns.","Runtime Test","2026-05-06"
"PayCheck","payslip-peeks-and-probes","https://github.com/rory-hayes/payslip-peeks-and-probes","Security","Dependency health","P0-003","Upgrade vulnerable dependencies","Address npm audit findings for production dependencies including React Router, PostCSS, lodash, glob, minimatch, yaml, and transitive packages.","Reduces known XSS, redirect, ReDoS, and injection risk.","npm audit --omit=dev reports 9 production vulnerabilities, 6 high.","Known vulnerable packages in production bundle or toolchain.","P0","Yes","M","Passing tests","Upgrade vulnerable packages conservatively, explain any breaking changes, and verify routes, build, and tests still pass.","Audit has no high production vulnerabilities or documented accepted exceptions.","npm audit --omit=dev, npm test, npm run build, route smoke.","package.json, package-lock.json, route code if React Router upgrade requires changes","Ready","Unassigned","MVP","npm install refreshed a stale lockfile during this audit.","Runtime Test","2026-05-06"
"PayCheck","payslip-peeks-and-probes","https://github.com/rory-hayes/payslip-peeks-and-probes","Data","Supabase readiness","P0-004","Verify migrations and generated types","Run a fresh Supabase local reset or sandbox migration, confirm RLS/storage policies, and regenerate TypeScript types.","Prevents runtime failures when real users upload and query data.","Migrations exist but were not applied during this audit.","Schema may drift from generated types or fail on clean project.","P0","Yes","L","Supabase CLI and target project","Set up Supabase local or sandbox verification, apply all migrations, regenerate types, and document any failing migration with a fix.","Fresh schema applies cleanly and generated types match deployed DB.","supabase db reset or sandbox migration; app typecheck; upload smoke against sandbox.","supabase/migrations/*, src/integrations/supabase/types.ts, docs/DATA_MODEL.md","Ready","Unassigned","MVP","Needs Supabase credentials or local stack.","Code Audit","2026-05-06"
"PayCheck","payslip-peeks-and-probes","https://github.com/rory-hayes/payslip-peeks-and-probes","Product","Country support","P0-005","Align US support and country scope","Decide whether US is in MVP. If yes, add DB/extraction/type support. If no, remove US claims from marketing, calculators, and onboarding.","Avoids users selecting unsupported countries and getting broken extraction or profile saves.","UI and calculators include US. DB country constraint and extraction prompt do not fully support US.","Onboarding/profile save can fail or product overpromises.","P0","Yes","M","Product decision","Audit all country support paths and either fully implement US persistence and extraction or remove US from MVP UI and copy.","Product copy, country registry, schema, generated types, and extraction all agree.","Onboarding save for every listed country; extraction prompt supports listed countries; build and typecheck pass.","src/lib/countries/*, src/lib/types.ts, src/pages/Landing.tsx, supabase/migrations/*, supabase/functions/process-payslip/index.ts","Ready","Unassigned","MVP","Also check sitemap and guide coverage.","Code Audit","2026-05-06"
"PayCheck","payslip-peeks-and-probes","https://github.com/rory-hayes/payslip-peeks-and-probes","Runtime","Core flow verification","P0-006","End-to-end MVP smoke","Verify signup, onboarding, upload, extraction, anomaly review, draft, billing, export, and delete against sandbox services.","Confirms the product actually works beyond static build.","Only static build, tests, and dev HTTP 200 were verified.","Runtime crashes or backend misconfigurations may block users.","P0","Yes","L","P0-004, service secrets","Create and run an end-to-end QA script for the full MVP using sandbox Supabase, sandbox Stripe, and a test payslip fixture.","QA evidence is recorded with pass/fail notes and blockers.","Manual or Playwright flow covers all MVP paths; no unhandled console errors.","docs/QA_CHECKLIST.md, possible tests/e2e/*, app pages/functions","Ready","Unassigned","MVP","Do after backend secrets are available.","Runtime Test","2026-05-06"
"PayCheck","payslip-peeks-and-probes","https://github.com/rory-hayes/payslip-peeks-and-probes","Payments","Billing correctness","P0-007","Verify Stripe checkout and webhook","Confirm lookup keys, embedded checkout, webhook signature, entitlement update, portal, cancellation, and lifetime purchase behavior.","Users only pay when access reliably unlocks and cancels correctly.","Payment code exists but was not runtime-verified.","Revenue and access control can break silently.","P0","Yes","M","Stripe sandbox secrets","Run sandbox Stripe billing end to end, add tests around webhook handling where possible, and document price lookup keys.","Sandbox checkout unlocks premium, portal works, cancellation updates access, webhook replay is safe.","Checkout return polling succeeds after webhook; failed payment does not unlock access; lifetime plan persists.","src/pages/Pricing.tsx, src/pages/Checkout*, src/hooks/use-subscription.ts, supabase/functions/*stripe*, supabase/functions/payments-webhook/index.ts","Ready","Unassigned","MVP","Webhook env query parameter needs review.","Code Audit","2026-05-06"
"PayCheck","payslip-peeks-and-probes","https://github.com/rory-hayes/payslip-peeks-and-probes","AI","Extraction reliability","P1-001","Add schema validation for AI output","Validate AI JSON with a shared schema before persisting and distinguish parse, validation, and low-confidence review states.","Users get safer extraction and clearer recovery paths.","JSON is parsed and trusted after markdown fence stripping.","Invalid AI values can corrupt records or hide extraction issues.","P1","Yes","M","P0-004","Add runtime validation for process-payslip and demo extraction responses using Zod or equivalent, with tests for invalid values.","Invalid AI output produces controlled failure or review state without corrupt DB values.","Unit tests for valid, missing, malformed, and wrong-type AI outputs.","supabase/functions/process-payslip/index.ts, supabase/functions/demo-extract-payslip/index.ts, shared schema file","Backlog","Unassigned","MVP","Edge Functions use Deno; choose compatible validation approach.","Code Audit","2026-05-06"
"PayCheck","payslip-peeks-and-probes","https://github.com/rory-hayes/payslip-peeks-and-probes","Reliability","Background processing","P1-002","Make extraction status resilient","Add clear retry/status lifecycle, avoid pretending processing continues after failed synchronous function calls, and surface retry guidance.","Users understand whether extraction is complete, retryable, or failed.","Upload catches function errors and may show success messaging.","Users may believe processing succeeded when it did not.","P1","Yes","M","P0-006","Review upload and retry states, make function failures visible, and add tests for upload success, review, failed, and retry states.","UI states match backend status and retry is safe.","Simulated function failure shows failed or retry state; successful extraction invalidates queries.","src/components/PayslipUpload.tsx, src/pages/PayslipDetail.tsx, supabase/functions/process-payslip/index.ts","Backlog","Unassigned","MVP","Consider job table later.","Code Audit","2026-05-06"
"PayCheck","payslip-peeks-and-probes","https://github.com/rory-hayes/payslip-peeks-and-probes","QA","Test coverage","P1-003","Add focused integration tests","Expand Vitest coverage for hooks, onboarding validation, upload validation, anomaly status, usage limits, and settings data export/delete.","Reduces regression risk as product work continues.","4 test files, 5 tests, narrow coverage.","Core MVP logic has little automated protection.","P1","Yes","M","P0-002","Add focused tests for high-risk frontend logic and Supabase interaction mocks without large rewrites.","Critical pure and UI logic has tests and existing tests still pass.","npm test covers new cases and passes.","src/**/*.test.tsx, src/**/*.test.ts, src/test/setup.ts","Backlog","Unassigned","MVP","Add e2e separately.","Code Audit","2026-05-06"
"PayCheck","payslip-peeks-and-probes","https://github.com/rory-hayes/payslip-peeks-and-probes","Deployment","Production deploy","P1-004","Document and automate deployment","Choose hosting target, add deployment docs, environment mapping, and CI command sequence.","Makes launches repeatable and less fragile.","No deployment config; only Vite build exists.","Production setup depends on memory and Lovable-era assumptions.","P1","Yes","M","P0-002, P0-003","Create deployment docs and CI config for install, lint, typecheck, test, build, and Supabase deployment notes.","New contributor can deploy to staging from docs without guessing.","CI passes on branch; staging build serves app; docs list all secrets.",".github/workflows/*, docs/DEPLOYMENT.md, README.md","Backlog","Unassigned","MVP","Hosting provider not chosen in repo.","Code Audit","2026-05-06"
"PayCheck","payslip-peeks-and-probes","https://github.com/rory-hayes/payslip-peeks-and-probes","Product","Brand and SEO","P1-005","Resolve brand and domain mismatch","Decide canonical brand/domain and update metadata, sitemap, robots, comments, legal copy, and app UI consistently.","Users and search engines see one trusted brand.","Code references PayCheck, Payslip Insights, paycheckinsights.com, and payslipinsights.com.","Trust, SEO, and auth/payment branding confusion.","P1","Yes","S","Product decision","Find every brand and domain reference and update to the chosen canonical name and domain, including sitemap and SEO data.","Public metadata and in-app brand are consistent.","rg for old names returns only deliberate legacy notes; build passes.","index.html, public/*, src/lib/*seo*, src/pages/*, docs","Backlog","Unassigned","MVP","Settings has internal Lovable comments.","Code Audit","2026-05-06"
"PayCheck","payslip-peeks-and-probes","https://github.com/rory-hayes/payslip-peeks-and-probes","Security","Function hardening","P1-006","Review Edge Function auth and abuse controls","Audit verify_jwt=false, manual auth, CORS, webhook verification, rate limiting, and service-role use.","Protects user payroll data and payment state.","Several functions disable JWT verification; manual checks vary by function.","Unauthorized calls, quota bypass, or webhook misuse.","P1","Yes","M","P0-004","Perform a security review of each Supabase function and patch auth, CORS, and ownership checks with tests or manual verification notes.","Every function has a documented auth model and least-privilege behavior.","Unauthorized requests fail; cross-user payslip ID fails; webhook signature failure fails.","supabase/config.toml, supabase/functions/*","Backlog","Unassigned","MVP","payments-webhook must stay publicly callable but signature-verified.","Code Audit","2026-05-06"
"PayCheck","payslip-peeks-and-probes","https://github.com/rory-hayes/payslip-peeks-and-probes","UX","Accessibility and responsive","P1-007","Run UI QA pass","Test mobile, keyboard, focus, forms, dialogs, sheets, charts, and icon-only controls.","Makes the MVP usable and credible across devices and assistive tech.","Basic responsive patterns and focus ring exist.","Hidden mobile overflow or accessibility regressions may remain.","P1","Yes","M","P0-006","Run responsive and accessibility QA, fix blocking issues, and document residual risks in QA checklist.","Core journeys pass desktop and mobile keyboard smoke.","Browser checks at mobile and desktop widths; no obvious overlapping text; key controls have labels.","src/pages/*, src/components/*, docs/QA_CHECKLIST.md","Backlog","Unassigned","MVP","Add Playwright or a11y later if needed.","Product Assumption","2026-05-06"
"PayCheck","payslip-peeks-and-probes","https://github.com/rory-hayes/payslip-peeks-and-probes","Data","Privacy lifecycle","P1-008","Formalize retention, export, and deletion","Verify account deletion order, storage removal, raw AI JSON retention, and user export completeness.","Users can trust sensitive payroll data handling.","Export and delete code exists with limited tests.","GDPR/data lifecycle claims need proof.","P1","Yes","M","P0-004, P0-006","Verify data export and deletion against sandbox data, add tests for missing storage files and partial failures, and document retention policy.","Export includes expected rows; deletion removes rows and files; privacy docs match behavior.","Seed user data, export, delete, verify DB and storage cleanup.","src/pages/Settings.tsx, src/lib/delete-account.ts, tests, docs/SECURITY.md","Backlog","Unassigned","MVP","Consider service-side deletion function.","Code Audit","2026-05-06"
"PayCheck","payslip-peeks-and-probes","https://github.com/rory-hayes/payslip-peeks-and-probes","Repo","Lovable cleanup","P2-001","Remove unused generated leftovers","Remove or quarantine unused Vite starter and Lovable placeholder files and duplicate lockfiles after package-manager decision.","Reduces confusion for future agents.","src/pages/Index.tsx, src/App.css, bun.lock, and bun.lockb remain.","Future agents may edit dead code or use wrong package manager.","P2","No","S","npm decision","Remove unused placeholder CSS and page plus duplicate lockfiles if confirmed, then update docs and verify app behavior is unchanged.","No unused placeholder files remain and app behavior is unchanged.","rg REMOVE_THIS returns none; build and tests pass.","src/pages/Index.tsx, src/App.css, bun.lock, bun.lockb, docs","Backlog","Unassigned","Post-MVP","Do after confirming no tooling depends on Bun locks.","Code Audit","2026-05-06"
"PayCheck","payslip-peeks-and-probes","https://github.com/rory-hayes/payslip-peeks-and-probes","Observability","Logging and analytics","P2-002","Wire production observability","Decide analytics/logging provider, keep consent gating, and add server-side error tracking for functions.","Faster debugging and product learning without privacy surprises.","Analytics layer is a no-op; function logs go to console.","Production issues will be hard to diagnose.","P2","No","M","Deployment decision","Add privacy-conscious analytics and error reporting with consent gating and server-side redaction.","Key events and errors are observable without leaking payslip contents.","Consent declined blocks analytics; extraction errors produce redacted logs.","src/lib/analytics.ts, src/components/CookieConsent.tsx, supabase/functions/*","Backlog","Unassigned","Post-MVP","Avoid session replay for payroll data.","Code Audit","2026-05-06"
"PayCheck","payslip-peeks-and-probes","https://github.com/rory-hayes/payslip-peeks-and-probes","Performance","Bundle size","P2-003","Split heavy PDF and chart code","Reduce large production bundle by dynamic-importing PDF export and other heavy dependencies.","Faster first load and better mobile UX.","Build warns about a 1.83 MB minified JS chunk.","Slower load and weaker Core Web Vitals.","P2","No","M","Passing build","Use dynamic imports or manual chunks for PDF and chart-heavy code and verify routes still work.","Main chunk is below warning threshold or warning is justified.","npm run build; dashboard PDF export smoke.","src/pages/Dashboard.tsx, src/lib/generate-pay-summary-pdf.ts, vite.config.ts","Backlog","Unassigned","Post-MVP","Build warning captured during audit.","Runtime Test","2026-05-06"
"PayCheck","payslip-peeks-and-probes","https://github.com/rory-hayes/payslip-peeks-and-probes","Product","Admin support","P3-001","Add minimal support/admin tooling","Define internal support needs for user lookup, failed extraction review, and billing support without exposing payroll data unnecessarily.","Helps operate MVP after launch.","No admin or internal area exists.","Support will require direct DB access.","P3","No","L","Security model","Draft support requirements and build minimal admin tooling only after privacy and security review.","Support can triage issues safely with audit trail.","Admin route protected by role; no cross-user data exposure without authorization.","New admin routes, tables, and functions","Backlog","Unassigned","Later","Later enhancement.","Product Assumption","2026-05-06"
